{
  "project_info": {
    "project_number": "62127805625",
    "project_id": "connect-craze",
    "storage_bucket": "connect-craze.appspot.com"
  },
  "client": [
    {
      "client_info": {
        "mobilesdk_app_id": "1:62127805625:android:95e9c44ec9a5e6917f3768",
        "android_client_info": {
          "package_name": "com.example.connect_craze"
        }
      },
      "oauth_client": [
        {
          "client_id": "62127805625-6t1c7lmtsn0fqkj5jsaa40mjptr11c3l.apps.googleusercontent.com",
          "client_type": 1,
          "android_info": {
            "package_name": "com.example.connect_craze",
            "certificate_hash": "9cc72f62c6b4a3533e962446246baf85990b92b3"
          }
        },
        {
          "client_id": "62127805625-ikbrrncle1co0st5j4f337doltqjnmaf.apps.googleusercontent.com",
          "client_type": 3
        }
      ],
      "api_key": [
        {
          "current_key": "AIzaSyAjQniGT2oTSWm5fubdviN0Wo9rtAfdLbE"
        }
      ],
      "services": {
        "appinvite_service": {
          "other_platform_oauth_client": [
            {
              "client_id": "62127805625-ikbrrncle1co0st5j4f337doltqjnmaf.apps.googleusercontent.com",
              "client_type": 3
            },
            {
              "client_id": "62127805625-p6po53tpv1dves255onu30d9iu3k2co0.apps.googleusercontent.com",
              "client_type": 2,
              "ios_info": {
                "bundle_id": "com.example.connectCraze"
              }
            }
          ]
        }
      }
    },
    {
      "client_info": {
        "mobilesdk_app_id": "1:62127805625:android:ccf4921876376c077f3768",
        "android_client_info": {
          "package_name": "com.example.connectcrazesample"
        }
      },
      "oauth_client": [
        {
          "client_id": "62127805625-rtv6evis4jd9miaecd3j2c11rfr9mnif.apps.googleusercontent.com",
          "client_type": 1,
          "android_info": {
            "package_name": "com.example.connectcrazesample",
            "certificate_hash": "9cc72f62c6b4a3533e962446246baf85990b92b3"
          }
        },
        {
          "client_id": "62127805625-ikbrrncle1co0st5j4f337doltqjnmaf.apps.googleusercontent.com",
          "client_type": 3
        }
      ],
      "api_key": [
        {
          "current_key": "AIzaSyAjQniGT2oTSWm5fubdviN0Wo9rtAfdLbE"
        }
      ],
      "services": {
        "appinvite_service": {
          "other_platform_oauth_client": [
            {
              "client_id": "62127805625-ikbrrncle1co0st5j4f337doltqjnmaf.apps.googleusercontent.com",
              "client_type": 3
            },
            {
              "client_id": "62127805625-p6po53tpv1dves255onu30d9iu3k2co0.apps.googleusercontent.com",
              "client_type": 2,
              "ios_info": {
                "bundle_id": "com.example.connectCraze"
              }
            }
          ]
        }
      }
    }
  ],
  "configuration_version": "1"
}